Metric,Value
Mean Squared Error,79.64191300000005
Root Mean Squared Error,8.924231787666658
R² Score,-5.6911920184835045
